{
  "project_info": {
    "project_number": "458516363949",
    "project_id": "brick-and-mortar-1ccb7",
    "storage_bucket": "brick-and-mortar-1ccb7.appspot.com"
  },
  "client": [
    {
      "client_info": {
        "mobilesdk_app_id": "1:458516363949:android:7b8c696fa3392e945f2424",
        "android_client_info": {
          "package_name": "com.example.brickandmortar"
        }
      },
      "oauth_client": [],
      "api_key": [
        {
          "current_key": "AIzaSyDDVyhAoncwAnWpLkKzNSw41S2s_rH7zgg"
        }
      ],
      "services": {
        "appinvite_service": {
          "other_platform_oauth_client": []
        }
      }
    }
  ],
  "configuration_version": "1"
}